Model,Accuracy,F1-Score,Time (s)
XGBoost,98.68821284687805,98.74159582174417,516.1101236343384
Random Forest,98.65800792134807,98.72034169203441,4516.098707675934
